INSERT INTO student (`SNO`,`SNAME`,`SSEX`,`SBIRTHDAY`,`CLASS`) VALUES ('108','HuaWang','M','1977-09-01','95033');
INSERT INTO student (`SNO`,`SNAME`,`SSEX`,`SBIRTHDAY`,`CLASS`) VALUES ('105','Hitachi','M','1975-10-02','95031');
INSERT INTO student (`SNO`,`SNAME`,`SSEX`,`SBIRTHDAY`,`CLASS`) VALUES ('107','MatsuShita','F','1976-01-23','95033');
INSERT INTO student (`SNO`,`SNAME`,`SSEX`,`SBIRTHDAY`,`CLASS`) VALUES ('101','Toyota','M','1976-02-20','95033');
INSERT INTO student (`SNO`,`SNAME`,`SSEX`,`SBIRTHDAY`,`CLASS`) VALUES ('109','Fuji','F','1975-02-10','95031');
INSERT INTO student (`SNO`,`SNAME`,`SSEX`,`SBIRTHDAY`,`CLASS`) VALUES ('103','Kirin','M','1974-06-03','95031');

INSERT INTO teacher(`TNO`,`TNAME`,`TSEX`,`TBIRTHDAY`,`PROF`,`DEPART`) VALUES ('804','Kimura','M','1958-12-02','VP','CS');
INSERT INTO teacher(`TNO`,`TNAME`,`TSEX`,`TBIRTHDAY`,`PROF`,`DEPART`) VALUES ('856','Koizumi','M','1969-03-12','T','Electric');
INSERT INTO teacher(`TNO`,`TNAME`,`TSEX`,`TBIRTHDAY`,`PROF`,`DEPART`) VALUES ('825','Kobayashi','F','1972-05-05','VP','CS');
INSERT INTO teacher(`TNO`,`TNAME`,`TSEX`,`TBIRTHDAY`,`PROF`,`DEPART`) VALUES ('831','Haneishi','F','1977-08-14','T','Electric');

INSERT INTO course(`CNO`,`CNAME`,`TNO`)VALUES ('3-105','Computer','825');
INSERT INTO course(`CNO`,`CNAME`,`TNO`)VALUES ('3-245' ,'OS' ,'804');
INSERT INTO course(`CNO`,`CNAME`,`TNO`)VALUES ('6-166' ,'Electric' ,'856');
INSERT INTO course(`CNO`,`CNAME`,`TNO`)VALUES ('9-888' ,'Math' ,'100'); -- 100 is not a key

INSERT INTO score(`SNO`,`CNO`,`DEGREE`)VALUES ('103','3-245','86');
INSERT INTO score(`SNO`,`CNO`,`DEGREE`)VALUES ('105','3-245','75');
INSERT INTO score(`SNO`,`CNO`,`DEGREE`)VALUES ('109','3-245','68');
INSERT INTO score(`SNO`,`CNO`,`DEGREE`)VALUES ('103','3-105','92');
INSERT INTO score(`SNO`,`CNO`,`DEGREE`)VALUES ('105','3-105','88');
INSERT INTO score(`SNO`,`CNO`,`DEGREE`)VALUES ('109','3-105','76');
INSERT INTO score(`SNO`,`CNO`,`DEGREE`)VALUES ('101','3-105','64');
INSERT INTO score(`SNO`,`CNO`,`DEGREE`)VALUES ('107','3-105','91');
INSERT INTO score(`SNO`,`CNO`,`DEGREE`)VALUES ('108','3-105','78');
INSERT INTO score(`SNO`,`CNO`,`DEGREE`)VALUES ('101','6-166','85');
INSERT INTO score(`SNO`,`CNO`,`DEGREE`)VALUES ('107','6-166','79');
INSERT INTO score(`SNO`,`CNO`,`DEGREE`)VALUES ('108','6-166','81');

